https://makeup.com.ua/ua/product/80565/#/option/90387/;;7,9;
https://makeup.com.ua/ua/product/891656/;;64,8;
https://makeup.com.ua/ua/product/1052423/;;4,8;
https://makeup.com.ua/ua/product/12373/;;4,8;
https://makeup.com.ua/ua/product/779597/;;3,4;
https://makeup.com.ua/ua/product/20098/;;6,5;
https://makeup.com.ua/ua/product/23687/#/option/672911/;Black;4;
https://makeup.com.ua/ua/product/10082/;;4,1;
https://makeup.com.ua/ua/product/10144/;;4,1;
https://makeup.com.ua/ua/product/120701/;;3;
https://makeup.com.ua/ua/product/56751/;;5,8;
https://makeup.com.ua/ua/product/9916/;;7,4;
https://makeup.com.ua/ua/product/791413/;;;38
https://makeup.com.ua/ua/product/792845/;;;33
https://makeup.com.ua/ua/product/871107/;;;160
https://makeup.com.ua/ua/product/601755/;;;150
https://makeup.com.ua/ua/product/544521/;;;170
https://makeup.com.ua/ua/product/752899/;;;160
https://makeup.com.ua/ua/product/818990/;;;160
https://makeup.com.ua/ua/product/602043/;;;180
https://makeup.com.ua/ua/product/601737/;;;160
https://makeup.com.ua/ua/product/655471/;;;120
https://makeup.com.ua/ua/product/225431/;;6;
https://makeup.com.ua/ua/product/258233/;;6;
https://makeup.com.ua/ua/product/655229/;;;150
https://makeup.com.ua/ua/product/1028287/;;;335
https://makeup.com.ua/ua/product/443721/;;4,5;
https://makeup.com.ua/ua/product/14401/;;4;
https://makeup.com.ua/ua/product/420709/;;25;
https://makeup.com.ua/ua/product/12359/;;4,3;
https://makeup.com.ua/ua/product/9811/;;9;
https://makeup.com.ua/ua/product/685327/;;5;
https://makeup.com.ua/ua/product/338633/;;5;
https://makeup.com.ua/ua/product/318595/;;3,9;
https://makeup.com.ua/ua/product/34595/;;4;
https://makeup.com.ua/ua/product/34593/;;4;
https://makeup.com.ua/ua/product/754366/;;4,5;
https://makeup.com.ua/ua/product/250055/#/option/455785/;60��;8,6;
https://makeup.com.ua/ua/product/194727/#/option/566379/;250ml;;150
https://makeup.com.ua/ua/product/194727/#/option/566381/;55ml;;75
https://makeup.com.ua/ua/product/60225/;;7,4;
https://makeup.com.ua/ua/product/60131/;;;210
https://makeup.com.ua/ua/product/62603/;;;250
https://makeup.com.ua/ua/product/28965/;;;87
https://makeup.com.ua/ua/product/9801/;;4,5;
https://makeup.com.ua/ua/product/135915/;;;220